Outer_iter,OnStarts_AvgTotalRewardInner,OnStarts_MeanPathDistance,OnStarts_AvgTotalRewardDist,GenGoal_frac_High rewards,OnStarts_MinFinalGoalDistance,GenGoal_frac_Other,OnStarts_FeasibilityRate,GenGoal_frac_Low rewards,Outer_Success,GenGoal_frac_Performance Variation,OnStarts_SuccessRate,GenGoal_frac_Good goals,OnStarts_AvgFinalGoalDistance,OnStarts_AvgInitGoalDistance,Outer_MeanRewards
1,0.0,0.394708367453,0.0,0.812182741117,0.0105951657997,0.0,1.0,0.0,0.0343137254902,0.0,0.917220008853,0.187817258883,0.541440872063,0.190776840588,0.0343137254902
2,0.0,1.94843947134,0.0,0.424657534247,0.0882999283073,0.0,1.0,0.130136986301,0.094362745098,0.0,0.615087040619,0.445205479452,2.54003714507,0.44718444293,0.094362745098
3,0.0,1.02045995739,0.0,0.632653061224,0.144193590789,0.0,1.0,0.0,0.251225490196,0.0,0.889690721649,0.367346938776,0.86679064658,0.512736778205,0.251225490196
4,0.0,0.595853823084,0.0,0.971428571429,0.212857642808,0.0,1.0,0.0,0.258578431373,0.0,0.996334758705,0.0285714285714,0.310728431953,0.607389112717,0.258578431373
5,0.0,0.479630364383,0.0,1.0,0.113957993113,0.0,1.0,0.0,0.254901960784,0.0,1.0,0.0,0.287866744531,0.601177589675,0.254901960784
6,0.0,2.57029665588,0.0,0.744444444444,0.101265056934,0.0,1.0,0.244444444444,0.241421568627,0.0,0.797965116279,0.0111111111111,1.50912760667,3.64673064264,0.241421568627
7,0.0,5.7777866149,0.0,0.455445544554,0.234707835277,0.0,1.0,0.544554455446,0.269607843137,0.0,0.457971014493,0.0,4.18214436629,7.06492495588,0.269607843137
8,0.0,1.13891394071,0.0,0.947368421053,0.0870149288702,0.0,1.0,0.0,0.290441176471,0.0,0.969818913481,0.0526315789474,0.470210870357,1.53923698566,0.290441176471
9,0.0,4.60215228201,0.0,1.0,0.224296727233,0.0,1.0,0.0,0.291666666667,0.0,1.0,0.0,0.271557853002,7.1655272533,0.291666666667
10,0.0,4.46832359053,0.0,0.446428571429,0.21907910791,0.0,1.0,0.553571428571,0.294117647059,0.0,0.450127877238,0.0,3.62803688808,5.61446703339,0.294117647059
11,0.0,0.950980317311,0.0,1.0,0.040585933235,0.0,1.0,0.0,0.295343137255,0.0,1.0,0.0,0.28287407874,1.36399550453,0.295343137255
12,0.0,1.62319548769,0.0,0.952830188679,0.0221127307995,0.0,1.0,0.0471698113208,0.292892156863,0.0,0.947460595447,0.0,0.648741260335,2.27929015995,0.292892156863
13,0.0,6.04834031192,0.0,0.415094339623,0.203011352193,0.0,1.0,0.556603773585,0.285539215686,0.0,0.425414364641,0.0283018867925,4.09409097247,7.95278748544,0.285539215686
14,0.0,5.28565248234,0.0,0.910526315789,0.174452871558,0.0,1.0,0.0,0.302696078431,0.0,0.981481481481,0.0894736842105,0.375133248816,8.2406811024,0.302696078431
15,0.0,5.01327867594,0.0,0.956310679612,0.104570593475,0.0,1.0,0.00485436893204,0.311274509804,0.0,0.984236453202,0.0388349514563,0.353663588665,7.73643934301,0.311274509804
16,0.0,5.20532589826,0.0,0.933673469388,0.180306362057,0.0,1.0,0.0,0.314950980392,0.0,0.973572938689,0.0663265306122,0.434971342949,7.98582213663,0.314950980392
17,0.0,5.29142246218,0.0,0.840909090909,0.181299058347,0.0,1.0,0.0568181818182,0.316176470588,0.0,0.901269393512,0.102272727273,0.913683601231,7.81099932854,0.316176470588
18,0.0,5.13380593145,0.0,0.89247311828,0.183015780749,0.0,1.0,0.0268817204301,0.361519607843,0.0,0.950067476383,0.0806451612903,0.558102065764,7.62327037084,0.361519607843
19,0.0,5.4253648654,0.0,0.988439306358,0.180014022179,0.0,1.0,0.0,0.425245098039,0.0,0.995461422088,0.0115606936416,0.258162386502,7.71399892287,0.425245098039
20,0.0,5.41591496633,0.0,1.0,0.180447637564,0.0,1.0,0.0,0.432598039216,0.0,1.0,0.0,0.248245294911,7.53402770255,0.432598039216
21,0.0,5.04387592656,0.0,0.819277108434,0.128281696804,0.0,1.0,0.168674698795,0.427696078431,0.0,0.816876122083,0.0120481927711,1.29397449374,7.10753581537,0.427696078431
22,0.0,7.51744117404,0.0,0.397058823529,0.190424042014,0.0,1.0,0.529411764706,0.43137254902,0.0,0.435606060606,0.0735294117647,2.67111854074,11.0107674252,0.43137254902
23,0.0,7.48927883265,0.0,0.485294117647,0.178823485656,0.0,1.0,0.352941176471,0.334558823529,0.0,0.521072796935,0.161764705882,2.32609023866,10.9513123918,0.334558823529
24,0.0,6.18063694806,0.0,0.452054794521,0.177011557993,0.0,1.0,0.246575342466,0.389705882353,0.0,0.571428571429,0.301369863014,1.56488102536,8.68901394029,0.389705882353
25,0.0,5.09227647418,0.0,0.614583333333,0.176344184467,0.0,1.0,0.21875,0.438725490196,0.0,0.712121212121,0.166666666667,1.27794174778,7.03178623762,0.438725490196
26,0.0,5.06471808049,0.0,0.8,0.176894826081,0.0,1.0,0.121739130435,0.44362745098,0.0,0.843989769821,0.0782608695652,0.776210748386,7.43819056552,0.44362745098
27,0.0,7.35524333617,0.0,0.676056338028,0.18595668856,0.0,1.0,0.211267605634,0.325980392157,0.0,0.760869565217,0.112676056338,1.02756559349,11.0462471737,0.325980392157
28,0.0,7.43660668154,0.0,0.597222222222,0.182158826461,0.0,1.0,0.277777777778,0.361519607843,0.0,0.674329501916,0.125,1.24675421245,10.969650356,0.361519607843
29,0.0,7.54242712836,0.0,0.846153846154,0.15926045955,0.0,1.0,0.128205128205,0.366421568627,0.0,0.851851851852,0.025641025641,0.680900764268,11.1913916987,0.366421568627
30,0.0,7.67091090799,0.0,0.743243243243,0.178232498284,0.0,1.0,0.202702702703,0.454656862745,0.0,0.735294117647,0.0540540540541,1.58617912232,11.0528596306,0.454656862745
31,0.0,7.38457851935,0.0,0.756756756757,0.154436767314,0.0,1.0,0.189189189189,0.349264705882,0.0,0.794964028777,0.0540540540541,0.973131561181,10.6540302946,0.349264705882
32,0.0,6.02984332396,0.0,0.432098765432,0.0616074418054,0.0,1.0,0.432098765432,0.453431372549,0.0,0.5,0.135802469136,1.61159186204,8.38958086443,0.453431372549
33,0.0,6.10563150454,0.0,0.663157894737,0.11494768631,0.0,1.0,0.231578947368,0.462009803922,0.0,0.743034055728,0.105263157895,1.04487672953,8.68036285393,0.462009803922
34,0.0,5.34450536612,0.0,0.777777777778,0.158109987753,0.0,1.0,0.153846153846,0.466911764706,0.0,0.813008130081,0.0683760683761,0.932114878617,7.46629199649,0.466911764706
35,0.0,7.71369060686,0.0,0.777777777778,0.152884960213,0.0,1.0,0.185185185185,0.362745098039,0.0,0.773381294964,0.037037037037,1.66629258525,10.9228702331,0.362745098039
36,0.0,7.6884641369,0.0,0.648648648649,0.14838124019,0.0,1.0,0.27027027027,0.308823529412,0.0,0.683397683398,0.0810810810811,1.34449988003,10.8907293979,0.308823529412
37,0.0,7.14274285167,0.0,0.827956989247,0.145865859022,0.0,1.0,0.0752688172043,0.462009803922,0.0,0.861635220126,0.0967741935484,0.701097639969,10.2964755457,0.462009803922
38,0.0,5.70135564529,0.0,0.733333333333,0.159273709716,0.0,1.0,0.104761904762,0.47181372549,0.0,0.852272727273,0.161904761905,0.741490171672,8.0875952752,0.47181372549
39,0.0,6.01755121794,0.0,0.827956989247,0.0480319515884,0.0,1.0,0.0967741935484,0.474264705882,0.0,0.885057471264,0.0752688172043,0.937073363574,8.44896912506,0.474264705882
40,0.0,7.77895020268,0.0,0.87012987013,0.165656730558,0.0,1.0,0.12987012987,0.475490196078,0.0,0.846153846154,0.0,1.11990032915,11.1189107788,0.475490196078
41,0.0,5.3037283979,0.0,0.843373493976,0.0653120552124,0.0,1.0,0.156626506024,0.476715686275,0.0,0.843594009983,0.0,1.59103691866,7.50554214282,0.476715686275
42,0.0,2.76766072206,0.0,0.763736263736,0.166782940356,0.0,1.0,0.236263736264,0.459558823529,0.0,0.781546811398,0.0,1.42277633579,3.87896636514,0.459558823529
43,0.0,3.01580503058,0.0,0.576923076923,0.1353443574,0.0,1.0,0.415384615385,0.447303921569,0.0,0.55701754386,0.00769230769231,2.12393999812,3.93812130366,0.447303921569
44,0.0,7.3477244464,0.0,0.810126582278,0.179803545318,0.0,1.0,0.0506329113924,0.450980392157,0.0,0.868794326241,0.139240506329,0.460333188649,11.307445193,0.450980392157
45,0.0,7.49119596972,0.0,0.741176470588,0.182947801903,0.0,1.0,0.129411764706,0.453431372549,0.0,0.810714285714,0.129411764706,1.18958193514,11.2619592745,0.453431372549
46,0.0,7.47547205853,0.0,0.794871794872,0.182366940162,0.0,1.0,0.102564102564,0.459558823529,0.0,0.854609929078,0.102564102564,0.682760740879,11.2771033827,0.459558823529
47,0.0,7.72970282628,0.0,0.679487179487,0.174922775945,0.0,1.0,0.294871794872,0.459558823529,0.0,0.715827338129,0.025641025641,2.19529949352,11.3532230612,0.459558823529
48,0.0,7.40012714393,0.0,0.869047619048,0.178421530622,0.0,1.0,0.107142857143,0.459558823529,0.0,0.855670103093,0.0238095238095,0.917527969095,11.0809911555,0.459558823529
49,0.0,7.45097793631,0.0,0.78313253012,0.173891377175,0.0,1.0,0.10843373494,0.442401960784,0.0,0.839721254355,0.10843373494,1.10534586152,11.0261388473,0.442401960784
50,0.0,7.71257711606,0.0,0.753424657534,0.169550702222,0.0,1.0,0.164383561644,0.448529411765,0.0,0.823741007194,0.0821917808219,1.1833384731,11.4257853236,0.448529411765
51,0.0,7.35302771319,0.0,0.875,0.177930409905,0.0,1.0,0.0795454545455,0.449754901961,0.0,0.894915254237,0.0454545454545,0.824053262772,10.9809375124,0.449754901961
52,0.0,7.56559558527,0.0,0.675,0.180666707936,0.0,1.0,0.2375,0.466911764706,0.0,0.732142857143,0.0875,1.45396647445,11.1375180687,0.466911764706
53,0.0,7.35145438863,0.0,0.843373493976,0.174017906617,0.0,1.0,0.0481927710843,0.435049019608,0.0,0.888111888112,0.10843373494,0.506307113677,11.0484695672,0.435049019608
54,0.0,6.21768792605,0.0,0.659090909091,0.168729072475,0.0,1.0,0.170454545455,0.459558823529,0.0,0.729903536977,0.170454545455,1.52334048864,9.10465773882,0.459558823529
55,0.0,4.79960910967,0.0,0.808695652174,0.176383530253,0.0,1.0,0.147826086957,0.469362745098,0.0,0.851385390428,0.0434782608696,1.3804256582,6.91007945568,0.469362745098
56,0.0,7.78279530393,0.0,0.739726027397,0.169912802781,0.0,1.0,0.246575342466,0.468137254902,0.0,0.701438848921,0.013698630137,2.55447354786,11.3359816278,0.468137254902
57,0.0,0.925069828575,0.0,1.0,0.174479102302,0.0,1.0,0.0,0.47181372549,0.0,1.0,0.0,0.285453810484,1.22191089604,0.47181372549
58,0.0,1.53661676357,0.0,0.995575221239,0.152773631934,0.0,1.0,0.00442477876106,0.473039215686,0.0,0.993284493284,0.0,0.333030743834,2.18964965622,0.473039215686
59,0.0,4.1629544888,0.0,0.950549450549,0.156472108481,0.0,1.0,0.0494505494505,0.47181372549,0.0,0.940104166667,0.0,0.511041230599,6.05228540922,0.47181372549
60,0.0,4.43744665169,0.0,0.852071005917,0.168076265008,0.0,1.0,0.147928994083,0.470588235294,0.0,0.858974358974,0.0,1.17802350484,5.96630910348,0.470588235294
61,0.0,5.32734163419,0.0,0.625,0.174908625116,0.0,1.0,0.375,0.470588235294,0.0,0.621621621622,0.0,2.80286337544,6.94841012524,0.470588235294
62,0.0,4.75789115216,0.0,0.7625,0.136640633636,0.0,1.0,0.2375,0.470588235294,0.0,0.771777003484,0.0,2.07030250681,6.45441292312,0.470588235294
63,0.0,5.20288146517,0.0,0.802259887006,0.166835503739,0.0,1.0,0.197740112994,0.477941176471,0.0,0.81,0.0,1.84012446801,7.04167699013,0.477941176471
64,0.0,5.32379039292,0.0,0.796296296296,0.163402601167,0.0,1.0,0.197530864198,0.477941176471,0.0,0.808435852373,0.00617283950617,1.74915197397,7.30184958635,0.477941176471
65,0.0,8.13062245085,0.0,0.543209876543,0.166504029325,0.0,1.0,0.395061728395,0.477941176471,0.0,0.575,0.0617283950617,3.75661910749,11.5067456766,0.477941176471
66,0.0,5.64523578517,0.0,0.681034482759,0.17576125875,0.0,1.0,0.318965517241,0.475490196078,0.0,0.693333333333,0.0,2.93300486338,7.38074813205,0.475490196078
67,0.0,5.68164064881,0.0,0.626016260163,0.178933868953,0.0,1.0,0.373983739837,0.475490196078,0.0,0.636803874092,0.0,2.79791658733,7.2984112836,0.475490196078
68,0.0,4.05806886793,0.0,0.508064516129,0.182318506014,0.0,1.0,0.475806451613,0.474264705882,0.0,0.518891687657,0.0161290322581,2.92442764284,5.12564881559,0.474264705882
69,0.0,7.41992250562,0.0,0.438356164384,0.170742417382,0.0,1.0,0.397260273973,0.474264705882,0.0,0.523131672598,0.164383561644,3.05889977308,8.49671029709,0.474264705882
70,0.0,7.36037167547,0.0,0.538461538462,0.161962258068,0.0,1.0,0.346153846154,0.475490196078,0.0,0.584229390681,0.115384615385,2.65398212416,8.40293808149,0.475490196078
71,0.0,7.19135250241,0.0,0.62962962963,0.158429226275,0.0,1.0,0.283950617284,0.477941176471,0.0,0.692832764505,0.0864197530864,1.99528386338,8.37727471804,0.477941176471
72,0.0,7.53614856334,0.0,0.597222222222,0.194143668387,0.0,1.0,0.291666666667,0.474264705882,0.0,0.634686346863,0.111111111111,2.16079719565,8.78066624205,0.474264705882
73,0.0,7.33140622934,0.0,0.615384615385,0.197962694497,0.0,1.0,0.24358974359,0.477941176471,0.0,0.694444444444,0.141025641026,2.04950100764,8.60765195534,0.477941176471
74,0.0,7.32228847219,0.0,0.52,0.184307933021,0.0,1.0,0.253333333333,0.479166666667,0.0,0.691489361702,0.226666666667,1.98386118139,8.44505471438,0.479166666667
75,0.0,7.34380957928,0.0,0.773333333333,0.169219699762,0.0,1.0,0.16,0.481617647059,0.0,0.807432432432,0.0666666666667,1.39332468905,8.60050109784,0.481617647059
76,0.0,7.52876024354,0.0,0.634146341463,0.167625885262,0.0,1.0,0.219512195122,0.481617647059,0.0,0.696864111498,0.146341463415,2.14808336983,8.76239346605,0.481617647059
77,0.0,7.07975036698,0.0,0.711111111111,0.156885786903,0.0,1.0,0.2,0.481617647059,0.0,0.784565916399,0.0888888888889,1.52323943374,8.2694164916,0.481617647059
78,0.0,7.13380822439,0.0,0.764705882353,0.14872316534,0.0,1.0,0.117647058824,0.482843137255,0.0,0.809523809524,0.117647058824,1.26893683379,8.38671962129,0.482843137255
79,0.0,7.57493272006,0.0,0.576923076923,0.152619871615,0.0,1.0,0.205128205128,0.479166666667,0.0,0.693661971831,0.217948717949,1.93171854175,8.78841273994,0.479166666667
80,0.0,6.73789537757,0.0,0.766990291262,0.156274170089,0.0,1.0,0.135922330097,0.481617647059,0.0,0.811377245509,0.0970873786408,1.44407878663,7.8778979552,0.481617647059
81,0.0,7.15282792756,0.0,0.803921568627,0.151144187505,0.0,1.0,0.107843137255,0.481617647059,0.0,0.835483870968,0.0882352941176,1.18602041102,8.38328483927,0.481617647059
82,0.0,7.49478975615,0.0,0.586666666667,0.152854893885,0.0,1.0,0.226666666667,0.481617647059,0.0,0.689419795222,0.186666666667,2.02040972301,8.59331033804,0.481617647059
83,0.0,7.2231362355,0.0,0.777777777778,0.152738232601,0.0,1.0,0.123456790123,0.481617647059,0.0,0.807817589577,0.0987654320988,1.28232609887,8.49396179386,0.481617647059
84,0.0,7.22516664318,0.0,0.849462365591,0.148942928142,0.0,1.0,0.0752688172043,0.481617647059,0.0,0.865384615385,0.0752688172043,1.04112971057,8.55628010999,0.481617647059
85,0.0,7.17214032237,0.0,0.755555555556,0.147009944581,0.0,1.0,0.0888888888889,0.481617647059,0.0,0.83922829582,0.155555555556,1.010891277,8.34461332614,0.481617647059
86,0.0,7.27731827803,0.0,0.815217391304,0.150377012865,0.0,1.0,0.0326086956522,0.481617647059,0.0,0.875,0.152173913043,0.850895079887,8.5857206958,0.481617647059
87,0.0,7.35352991031,0.0,0.784946236559,0.150920269435,0.0,1.0,0.139784946237,0.481617647059,0.0,0.811501597444,0.0752688172043,1.27167074593,8.66732534931,0.481617647059
88,0.0,7.10539457336,0.0,0.757575757576,0.152070950072,0.0,1.0,0.0909090909091,0.464460784314,0.0,0.83800623053,0.151515151515,1.06327153875,8.29948774791,0.464460784314
89,0.0,7.00062399829,0.0,0.770833333333,0.163435376418,0.0,1.0,0.0208333333333,0.47181372549,0.0,0.899371069182,0.208333333333,0.542254124013,8.55284145151,0.47181372549
90,0.0,6.62343610339,0.0,0.898148148148,0.159629771863,0.0,1.0,0.0,0.484068627451,0.0,0.946327683616,0.101851851852,0.45394984892,8.21672766139,0.484068627451
91,0.0,6.76000303704,0.0,0.85393258427,0.154741516973,0.0,1.0,0.0337078651685,0.488970588235,0.0,0.937685459941,0.112359550562,0.442944108674,8.12928686096,0.488970588235
92,0.0,5.17886099112,0.0,0.941666666667,0.15129638682,0.0,1.0,0.0,0.488970588235,0.0,0.977168949772,0.0583333333333,0.3367256545,6.07505255906,0.488970588235
93,0.0,7.14580980752,0.0,0.938775510204,0.154613508036,0.0,1.0,0.0,0.490196078431,0.0,0.973053892216,0.0612244897959,0.341974778685,8.62735828348,0.490196078431
94,0.0,6.93956973608,0.0,1.0,0.153291901809,0.0,1.0,0.0,0.491421568627,0.0,1.0,0.0,0.237874680236,8.63701833131,0.491421568627
95,0.0,4.94937304811,0.0,0.710144927536,0.120721389849,0.0,1.0,0.289855072464,0.495098039216,0.0,0.708154506438,0.0,2.65696640027,6.18685519285,0.495098039216
96,0.0,5.32959816922,0.0,0.786666666667,0.142974639691,0.0,1.0,0.213333333333,0.495098039216,0.0,0.780669144981,0.0,2.08778357508,6.88680061221,0.495098039216
97,0.0,5.8049781513,0.0,0.866666666667,0.136662503793,0.0,1.0,0.133333333333,0.496323529412,0.0,0.875675675676,0.0,1.24725110944,8.0333349821,0.496323529412
98,0.0,5.80954383647,0.0,0.698630136986,0.139486695156,0.0,1.0,0.301369863014,0.49387254902,0.0,0.702586206897,0.0,2.62984118664,7.43065855837,0.49387254902
99,0.0,5.30469684406,0.0,0.425925925926,0.154417273429,0.0,1.0,0.574074074074,0.496323529412,0.0,0.460674157303,0.0,3.68703475691,6.17420356403,0.496323529412
100,0.0,3.70461648692,0.0,1.0,0.140410084688,0.0,1.0,0.0,0.498774509804,0.0,1.0,0.0,0.256303322973,4.94605717354,0.498774509804
101,0.0,5.68812822289,0.0,0.75641025641,0.145409830956,0.0,1.0,0.24358974359,0.5,0.0,0.763736263736,0.0,2.34381275672,7.5655275611,0.5
102,0.0,4.90308986285,0.0,0.944162436548,0.139096337552,0.0,1.0,0.0558375634518,0.496323529412,0.0,0.950649350649,0.0,0.671602828704,6.83491832947,0.496323529412
103,0.0,4.27626671312,0.0,0.787356321839,0.0886164266831,0.0,1.0,0.212643678161,0.498774509804,0.0,0.772277227723,0.0,1.32827222911,5.74300212169,0.498774509804
104,0.0,3.66764035924,0.0,0.71875,0.158354422645,0.0,1.0,0.28125,0.5,0.0,0.730633802817,0.0,1.57239580632,4.74490356963,0.5
105,0.0,6.65475596259,0.0,0.52427184466,0.167339576355,0.0,1.0,0.466019417476,0.5,0.0,0.510086455331,0.00970873786408,4.0180469359,8.16713956726,0.5
106,0.0,8.26006155269,0.0,0.51724137931,0.17954643854,0.0,1.0,0.413793103448,0.496323529412,0.0,0.516025641026,0.0689655172414,4.69884329206,11.3748438778,0.496323529412
107,0.0,8.31605809896,0.0,0.409638554217,0.164412498173,0.0,1.0,0.433734939759,0.460784313725,0.0,0.493548387097,0.156626506024,4.8797679464,11.2982857829,0.460784313725
108,0.0,8.39495490476,0.0,0.377777777778,0.164008870364,0.0,1.0,0.466666666667,0.495098039216,0.0,0.46357615894,0.155555555556,5.16201622064,11.3761932281,0.495098039216
109,0.0,7.67393567124,0.0,0.514563106796,0.161298710868,0.0,1.0,0.271844660194,0.502450980392,0.0,0.627906976744,0.21359223301,3.6687787435,10.557308996,0.502450980392
110,0.0,7.70429900077,0.0,0.681818181818,0.162187747245,0.0,1.0,0.0636363636364,0.5,0.0,0.817204301075,0.254545454545,1.8923438975,11.2787155132,0.5
111,0.0,7.46565420387,0.0,0.910569105691,0.162806601746,0.0,1.0,0.0,0.481617647059,0.0,0.951338199513,0.0894308943089,0.645491556342,11.4855835411,0.481617647059
112,0.0,7.23680676628,0.0,0.969696969697,0.155626788076,0.0,1.0,0.0,0.4375,0.0,0.988738738739,0.030303030303,0.3344927593,11.2247076474,0.4375
113,0.0,5.8705901793,0.0,0.941605839416,0.160529534825,0.0,1.0,0.0,0.507352941176,0.0,0.975510204082,0.0583941605839,0.280980450089,8.34172709319,0.507352941176
114,0.0,2.38722693276,0.0,0.983050847458,0.168373785933,0.0,1.0,0.0,0.53431372549,0.0,0.995405819296,0.0169491525424,0.270499739845,1.47182875618,0.53431372549
115,0.0,2.07858177218,0.0,1.0,0.0475973723656,0.0,1.0,0.0,0.535539215686,0.0,1.0,0.0,0.263123011754,1.27768419846,0.535539215686
116,0.0,3.70673903416,0.0,0.963917525773,0.156997977761,0.0,1.0,0.0309278350515,0.530637254902,0.0,0.968493150685,0.00515463917526,0.451745423177,4.9648078496,0.530637254902
117,0.0,6.81019157204,0.0,0.892617449664,0.168102491058,0.0,1.0,0.00671140939597,0.536764705882,0.0,0.964705882353,0.10067114094,0.563687738721,9.79685552416,0.536764705882
118,0.0,7.14770446299,0.0,0.91095890411,0.16217467919,0.0,1.0,0.041095890411,0.518382352941,0.0,0.915831663327,0.0479452054795,1.01010649123,10.1696741945,0.518382352941
119,0.0,6.91726300178,0.0,0.908536585366,0.163443765884,0.0,1.0,0.0121951219512,0.536764705882,0.0,0.952380952381,0.0792682926829,0.663705519665,9.81860730494,0.536764705882
120,0.0,6.74536040259,0.0,0.761194029851,0.170977040965,0.0,1.0,0.111940298507,0.515931372549,0.0,0.839002267574,0.126865671642,1.75948442493,8.78523663058,0.515931372549
121,0.0,7.22864817003,0.0,0.703125,0.162757967412,0.0,1.0,0.1015625,0.459558823529,0.0,0.817351598174,0.1953125,1.94985417079,9.64971649899,0.459558823529
122,0.0,7.46948480322,0.0,0.653543307087,0.166281230685,0.0,1.0,0.165354330709,0.412990196078,0.0,0.748218527316,0.181102362205,2.57681464375,9.6127484158,0.412990196078
123,0.0,7.44986816104,0.0,0.590163934426,0.160746409327,0.0,1.0,0.213114754098,0.531862745098,0.0,0.696428571429,0.196721311475,3.01801726832,9.20136583396,0.531862745098
124,0.0,6.97235569733,0.0,0.736434108527,0.16280906052,0.0,1.0,0.15503875969,0.539215686275,0.0,0.786206896552,0.108527131783,2.2759327159,8.7665215121,0.539215686275
125,0.0,7.51433992278,0.0,0.633333333333,0.155314087006,0.0,1.0,0.2,0.464460784314,0.0,0.697969543147,0.166666666667,3.11733666069,9.27597514814,0.464460784314
126,0.0,7.5229049346,0.0,0.628318584071,0.162046475941,0.0,1.0,0.212389380531,0.427696078431,0.0,0.695,0.159292035398,3.04406813497,9.4121330084,0.427696078431
127,0.0,6.95687970124,0.0,0.528301886792,0.146505240628,0.0,1.0,0.283018867925,0.549019607843,0.0,0.624324324324,0.188679245283,3.40826437098,8.22601220526,0.549019607843
128,0.0,5.51964837079,0.0,0.75,0.13841680635,0.0,1.0,0.15625,0.542892156863,0.0,0.815618221258,0.09375,2.00595802234,6.31926338134,0.542892156863
129,0.0,7.9314300591,0.0,0.509433962264,0.143078999986,0.0,1.0,0.27358490566,0.540441176471,0.0,0.612813370474,0.216981132075,3.96287271011,9.46035096703,0.540441176471
130,0.0,7.8648373336,0.0,0.50495049505,0.164060180848,0.0,1.0,0.306930693069,0.524509803922,0.0,0.603878116343,0.188118811881,3.98509759876,9.43320996969,0.524509803922
131,0.0,7.40243156227,0.0,0.666666666667,0.152106570431,0.0,1.0,0.163120567376,0.550245098039,0.0,0.779582366589,0.170212765957,2.33770669557,9.45666407801,0.550245098039
132,0.0,7.41745472734,0.0,0.6328125,0.148232820634,0.0,1.0,0.25,0.5,0.0,0.694915254237,0.1171875,3.14530168738,9.16144329141,0.5
133,0.0,7.66707808898,0.0,0.618181818182,0.163848936107,0.0,1.0,0.236363636364,0.553921568627,0.0,0.694871794872,0.145454545455,3.14572958247,9.57280412707,0.553921568627
134,0.0,7.8522737758,0.0,0.527272727273,0.16076549441,0.0,1.0,0.345454545455,0.492647058824,0.0,0.593495934959,0.127272727273,4.14763381059,9.33259635025,0.492647058824
135,0.0,7.35375455488,0.0,0.666666666667,0.16152114863,0.0,1.0,0.170542635659,0.452205882353,0.0,0.763593380615,0.162790697674,2.32844027114,9.48433018006,0.452205882353
136,0.0,7.29969968685,0.0,0.612068965517,0.166540232335,0.0,1.0,0.224137931034,0.464460784314,0.0,0.671052631579,0.163793103448,2.79174894368,9.09890120335,0.464460784314
137,0.0,7.24573022646,0.0,0.521367521368,0.157764707508,0.0,1.0,0.316239316239,0.473039215686,0.0,0.638242894057,0.162393162393,3.23569814557,8.80569968222,0.473039215686
138,0.0,5.68226530491,0.0,0.8,0.158122725885,0.0,1.0,0.058064516129,0.526960784314,0.0,0.867816091954,0.141935483871,1.0287876489,7.41872598677,0.526960784314
139,0.0,4.47978563088,0.0,0.829411764706,0.161636727864,0.0,1.0,0.1,0.564950980392,0.0,0.884105960265,0.0705882352941,1.27084349577,5.4925084861,0.564950980392
140,0.0,7.0383180452,0.0,0.764705882353,0.161204478506,0.0,1.0,0.134453781513,0.569852941176,0.0,0.789215686275,0.100840336134,1.98467521881,8.64012453622,0.569852941176
141,0.0,8.04775651471,0.0,0.688679245283,0.159537845304,0.0,1.0,0.207547169811,0.569852941176,0.0,0.743016759777,0.103773584906,2.27800205308,9.74762427807,0.569852941176
142,0.0,8.09456048515,0.0,0.822429906542,0.166658532,0.0,1.0,0.11214953271,0.558823529412,0.0,0.817934782609,0.0654205607477,1.6847635287,10.0988328286,0.558823529412
143,0.0,7.95679310437,0.0,0.814159292035,0.154278799676,0.0,1.0,0.070796460177,0.587009803922,0.0,0.871727748691,0.115044247788,0.873412778372,10.0500191744,0.587009803922
144,0.0,7.44365119794,0.0,0.775862068966,0.149279108053,0.0,1.0,0.103448275862,0.591911764706,0.0,0.84496124031,0.120689655172,1.23188223002,9.22344398286,0.591911764706
145,0.0,6.06682764791,0.0,0.793103448276,0.143631622894,0.0,1.0,0.158620689655,0.588235294118,0.0,0.814516129032,0.048275862069,1.54244545166,7.54091047185,0.588235294118
146,0.0,8.01710188581,0.0,0.731481481481,0.141939969227,0.0,1.0,0.166666666667,0.595588235294,0.0,0.78729281768,0.101851851852,1.42813599966,9.90396812831,0.595588235294
147,0.0,7.97659366393,0.0,0.752577319588,0.156247888957,0.0,1.0,0.0721649484536,0.600490196078,0.0,0.834285714286,0.175257731959,1.22669618349,9.62386465825,0.600490196078
148,0.0,8.00521346927,0.0,0.765957446809,0.155726978741,0.0,1.0,0.127659574468,0.595588235294,0.0,0.802228412256,0.106382978723,1.60485956499,9.74929148273,0.595588235294
149,0.0,7.6875915547,0.0,0.7,0.164167516171,0.0,1.0,0.154545454545,0.600490196078,0.0,0.771978021978,0.145454545455,1.71350292583,9.23077540933,0.600490196078
150,0.0,7.96370052578,0.0,0.712765957447,0.162498575402,0.0,1.0,0.170212765957,0.59068627451,0.0,0.760736196319,0.117021276596,1.76562529475,9.30988367858,0.59068627451
151,0.0,8.14357777149,0.0,0.656565656566,0.165169557653,0.0,1.0,0.181818181818,0.606617647059,0.0,0.763239875389,0.161616161616,1.52542701891,9.42887490917,0.606617647059
152,0.0,7.97342792839,0.0,0.68932038835,0.165989628978,0.0,1.0,0.194174757282,0.613970588235,0.0,0.748554913295,0.116504854369,2.01158823277,9.39362224779,0.613970588235
153,0.0,8.00633842871,0.0,0.565656565657,0.157039096315,0.0,1.0,0.20202020202,0.612745098039,0.0,0.681415929204,0.232323232323,2.72156467609,9.23649830118,0.612745098039
154,0.0,8.12597859343,0.0,0.354430379747,0.15900584164,0.0,1.0,0.278481012658,0.582107843137,0.0,0.538461538462,0.367088607595,3.70010656497,9.07155601035,0.582107843137
155,0.0,7.86958781146,0.0,0.542857142857,0.17081621164,0.0,1.0,0.2,0.601715686275,0.0,0.675595238095,0.257142857143,2.64624975011,9.00477209356,0.601715686275
156,0.0,7.92514792131,0.0,0.6,0.156942760218,0.0,1.0,0.209090909091,0.615196078431,0.0,0.681690140845,0.190909090909,2.9304725299,9.24157087703,0.615196078431
157,0.0,8.22055110485,0.0,0.504854368932,0.164674537256,0.0,1.0,0.330097087379,0.55637254902,0.0,0.618618618619,0.165048543689,3.53482201946,9.32828569161,0.55637254902
158,0.0,8.14060616211,0.0,0.344444444444,0.181059214377,0.0,1.0,0.411111111111,0.612745098039,0.0,0.512903225806,0.244444444444,4.5328081672,8.86394509113,0.612745098039
159,0.0,8.134922877,0.0,0.414893617021,0.159370512245,0.0,1.0,0.308510638298,0.5,0.0,0.571428571429,0.276595744681,3.90372464964,9.06924933374,0.5
160,0.0,7.84851049651,0.0,0.428571428571,0.157441012439,0.0,1.0,0.285714285714,0.602941176471,0.0,0.570552147239,0.285714285714,4.00135865848,8.77485239485,0.602941176471
161,0.0,7.48729069749,0.0,0.6,0.154791698517,0.0,1.0,0.181818181818,0.612745098039,0.0,0.720626631854,0.218181818182,2.72014525118,8.8417219526,0.612745098039
162,0.0,8.13450963027,0.0,0.540816326531,0.169615652513,0.0,1.0,0.19387755102,0.612745098039,0.0,0.676300578035,0.265306122449,3.00949633606,9.34807246685,0.612745098039
163,0.0,7.94933294351,0.0,0.516483516484,0.163961974088,0.0,1.0,0.263736263736,0.525735294118,0.0,0.605341246291,0.21978021978,3.80051743141,8.97059664615,0.525735294118
164,0.0,8.33467716663,0.0,0.369047619048,0.156675039534,0.0,1.0,0.440476190476,0.574754901961,0.0,0.478964401294,0.190476190476,4.96464527991,9.18249663214,0.574754901961
165,0.0,8.00135399349,0.0,0.494949494949,0.154899547146,0.0,1.0,0.292929292929,0.589460784314,0.0,0.64367816092,0.212121212121,3.43840706881,9.16657064371,0.589460784314
166,0.0,8.12933999172,0.0,0.521739130435,0.16176867034,0.0,1.0,0.195652173913,0.600490196078,0.0,0.648648648649,0.282608695652,3.3128619091,9.30289142333,0.600490196078
167,0.0,8.32220139648,0.0,0.484536082474,0.160369634348,0.0,1.0,0.268041237113,0.593137254902,0.0,0.588785046729,0.247422680412,4.00807847946,9.32113362628,0.593137254902
168,0.0,8.18504343858,0.0,0.5,0.154323457378,0.0,1.0,0.235294117647,0.593137254902,0.0,0.597523219814,0.264705882353,3.9386877372,8.95852399166,0.593137254902
169,0.0,8.24920819686,0.0,0.574074074074,0.149820467369,0.0,1.0,0.138888888889,0.605392156863,0.0,0.716666666667,0.287037037037,2.84152528133,9.50265408483,0.605392156863
170,0.0,8.03699426032,0.0,0.626168224299,0.145785390003,0.0,1.0,0.158878504673,0.611519607843,0.0,0.750656167979,0.214953271028,2.51922518894,9.35762478324,0.611519607843
171,0.0,7.9687349283,0.0,0.651785714286,0.142884547732,0.0,1.0,0.142857142857,0.616421568627,0.0,0.762755102041,0.205357142857,2.41879043926,9.45669854551,0.616421568627
172,0.0,8.33750242669,0.0,0.484536082474,0.14767515447,0.0,1.0,0.257731958763,0.604166666667,0.0,0.633431085044,0.257731958763,3.64404696601,9.31633940039,0.604166666667
173,0.0,7.48394866217,0.0,0.575471698113,0.133434458096,0.0,1.0,0.169811320755,0.611519607843,0.0,0.713910761155,0.254716981132,2.86296151556,8.25510802879,0.611519607843
174,0.0,8.11679282403,0.0,0.518181818182,0.146445712291,0.0,1.0,0.190909090909,0.598039215686,0.0,0.669398907104,0.290909090909,3.18892628269,9.2686702916,0.598039215686
175,0.0,7.69488907035,0.0,0.587155963303,0.134816683057,0.0,1.0,0.165137614679,0.611519607843,0.0,0.70189701897,0.247706422018,2.93179620013,8.58590850534,0.611519607843
176,0.0,7.68422410917,0.0,0.5625,0.138744997009,0.0,1.0,0.142857142857,0.610294117647,0.0,0.705722070845,0.294642857143,2.96805722955,8.33570100017,0.610294117647
177,0.0,8.28455474966,0.0,0.371134020619,0.160381999859,0.0,1.0,0.319587628866,0.511029411765,0.0,0.533333333333,0.309278350515,4.5960169167,9.14682015985,0.511029411765
178,0.0,8.20139695347,0.0,0.333333333333,0.161176482667,0.0,1.0,0.434343434343,0.611519607843,0.0,0.418831168831,0.232323232323,5.32547572417,8.99653620799,0.611519607843
179,0.0,7.70545205721,0.0,0.478260869565,0.162215191801,0.0,1.0,0.24347826087,0.600490196078,0.0,0.60773480663,0.278260869565,3.90700338734,8.70768074774,0.600490196078
180,0.0,8.04782184856,0.0,0.416666666667,0.152904833741,0.0,1.0,0.28125,0.604166666667,0.0,0.605633802817,0.302083333333,3.886849394,9.13248376069,0.604166666667
181,0.0,8.13309440086,0.0,0.363636363636,0.157325097278,0.0,1.0,0.363636363636,0.604166666667,0.0,0.504615384615,0.272727272727,4.85292633734,9.11653101574,0.604166666667
182,0.0,7.98885067117,0.0,0.50495049505,0.154922473376,0.0,1.0,0.207920792079,0.609068627451,0.0,0.657142857143,0.287128712871,3.27731076609,9.37941299405,0.609068627451
183,0.0,7.4766051959,0.0,0.589285714286,0.153478594373,0.0,1.0,0.142857142857,0.59681372549,0.0,0.719696969697,0.267857142857,2.82459360615,8.87705120442,0.59681372549
184,0.0,8.14433854021,0.0,0.509803921569,0.152734687492,0.0,1.0,0.21568627451,0.566176470588,0.0,0.617816091954,0.274509803922,3.69198274373,9.23834453751,0.566176470588
185,0.0,7.83680025185,0.0,0.471698113208,0.151255541866,0.0,1.0,0.301886792453,0.601715686275,0.0,0.593220338983,0.22641509434,3.94564903006,8.83136996506,0.601715686275
186,0.0,7.28314689448,0.0,0.626016260163,0.150902609787,0.0,1.0,0.154471544715,0.609068627451,0.0,0.727047146402,0.219512195122,2.79608226914,8.42552979204,0.609068627451
187,0.0,8.13278339765,0.0,0.398058252427,0.14885068114,0.0,1.0,0.31067961165,0.56862745098,0.0,0.547904191617,0.291262135922,4.2982608131,9.06656033243,0.56862745098
188,0.0,7.51772288154,0.0,0.377551020408,0.137506003073,0.0,1.0,0.397959183673,0.558823529412,0.0,0.489028213166,0.224489795918,4.28199796143,8.25369955162,0.558823529412
189,0.0,7.46739532462,0.0,0.479591836735,0.143426834422,0.0,1.0,0.265306122449,0.55637254902,0.0,0.592592592593,0.255102040816,3.85333871217,7.85913815954,0.55637254902
190,0.0,7.64680569375,0.0,0.530612244898,0.146692190241,0.0,1.0,0.204081632653,0.602941176471,0.0,0.62962962963,0.265306122449,3.64803744009,8.41309440845,0.602941176471
191,0.0,8.17743070821,0.0,0.344827586207,0.155153557477,0.0,1.0,0.436781609195,0.582107843137,0.0,0.485530546624,0.218390804598,5.004501712,8.81522511339,0.582107843137
192,0.0,7.83856545592,0.0,0.384615384615,0.146475873278,0.0,1.0,0.32967032967,0.594362745098,0.0,0.553125,0.285714285714,4.22844126977,8.62109978215,0.594362745098
193,0.0,7.59030110418,0.0,0.470588235294,0.151652592959,0.0,1.0,0.28431372549,0.609068627451,0.0,0.618075801749,0.245098039216,3.8073719355,8.14851685857,0.609068627451
194,0.0,7.76631439463,0.0,0.564814814815,0.154747902013,0.0,1.0,0.194444444444,0.610294117647,0.0,0.673913043478,0.240740740741,3.24438868764,8.96338272927,0.610294117647
195,0.0,8.07287007216,0.0,0.5,0.154377162352,0.0,1.0,0.298076923077,0.607843137255,0.0,0.607038123167,0.201923076923,3.88924682604,9.26136888426,0.607843137255
196,0.0,7.99394096719,0.0,0.425742574257,0.15275319317,0.0,1.0,0.207920792079,0.577205882353,0.0,0.637142857143,0.366336633663,3.57456241366,9.18636266407,0.577205882353
197,0.0,7.72897843335,0.0,0.616071428571,0.151294468127,0.0,1.0,0.160714285714,0.601715686275,0.0,0.732095490716,0.223214285714,2.64847448726,9.08571321138,0.601715686275
198,0.0,7.72006070331,0.0,0.638655462185,0.143929307363,0.0,1.0,0.126050420168,0.600490196078,0.0,0.775862068966,0.235294117647,2.32447658423,9.08090163216,0.600490196078
199,0.0,7.97227605275,0.0,0.509259259259,0.147465690761,0.0,1.0,0.287037037037,0.609068627451,0.0,0.610027855153,0.203703703704,3.84993572364,9.05251126327,0.609068627451
200,0.0,7.86329417207,0.0,0.598214285714,0.14374768269,0.0,1.0,0.142857142857,0.610294117647,0.0,0.720316622691,0.258928571429,2.86377044954,9.03853635901,0.610294117647
201,0.0,8.37325623757,0.0,0.459770114943,0.148832096891,0.0,1.0,0.287356321839,0.610294117647,0.0,0.575757575758,0.252873563218,4.1819238131,9.29438585519,0.610294117647
202,0.0,8.02817092383,0.0,0.480769230769,0.148116774623,0.0,1.0,0.288461538462,0.612745098039,0.0,0.632478632479,0.230769230769,3.66034952749,9.16396476201,0.612745098039
203,0.0,7.97192774231,0.0,0.548076923077,0.147489623382,0.0,1.0,0.221153846154,0.616421568627,0.0,0.682857142857,0.230769230769,3.10201850882,9.03915196832,0.616421568627
204,0.0,7.75226128556,0.0,0.609523809524,0.157211250906,0.0,1.0,0.209523809524,0.615196078431,0.0,0.685950413223,0.180952380952,3.14303788821,8.79609253206,0.615196078431
205,0.0,8.08059364281,0.0,0.584905660377,0.146600738858,0.0,1.0,0.235849056604,0.612745098039,0.0,0.658045977011,0.179245283019,3.27859687878,9.10079350047,0.612745098039
206,0.0,8.35574446202,0.0,0.444444444444,0.148391538285,0.0,1.0,0.366666666667,0.549019607843,0.0,0.547770700637,0.188888888889,4.30172047304,9.12028706828,0.549019607843
207,0.0,7.73802424935,0.0,0.447619047619,0.157135771313,0.0,1.0,0.361904761905,0.610294117647,0.0,0.543543543544,0.190476190476,4.3542932764,8.46985322489,0.610294117647
208,0.0,8.28213800454,0.0,0.553191489362,0.15093418971,0.0,1.0,0.265957446809,0.604166666667,0.0,0.653614457831,0.18085106383,3.52657639488,9.15525716583,0.604166666667
209,0.0,8.02046855788,0.0,0.478260869565,0.145614046415,0.0,1.0,0.347826086957,0.609068627451,0.0,0.585889570552,0.173913043478,4.08273293821,8.59893120436,0.609068627451
210,0.0,8.24467375756,0.0,0.531914893617,0.145784883443,0.0,1.0,0.372340425532,0.615196078431,0.0,0.578787878788,0.0957446808511,4.12568671664,8.97253545203,0.615196078431
211,0.0,8.06002526678,0.0,0.628318584071,0.142000958434,0.0,1.0,0.203539823009,0.612745098039,0.0,0.714689265537,0.16814159292,2.86661807979,8.92771469787,0.612745098039
212,0.0,8.45822009163,0.0,0.345238095238,0.153659409924,0.0,1.0,0.404761904762,0.540441176471,0.0,0.49,0.25,4.71492512531,9.10963215464,0.540441176471
213,0.0,7.31199146801,0.0,0.220779220779,0.152412508815,0.0,1.0,0.597402597403,0.52818627451,0.0,0.336842105263,0.181818181818,4.8032085203,7.91056875052,0.52818627451
214,0.0,8.26114084549,0.0,0.329411764706,0.169801484836,0.0,1.0,0.482352941176,0.397058823529,0.0,0.491961414791,0.188235294118,4.4412181936,9.20602947151,0.397058823529
215,0.0,7.8943233954,0.0,0.443181818182,0.16459788916,0.0,1.0,0.397727272727,0.476715686275,0.0,0.534810126582,0.159090909091,3.77235743616,8.81402080869,0.476715686275
216,0.0,7.491177439,0.0,0.495412844037,0.162600354833,0.0,1.0,0.321100917431,0.412990196078,0.0,0.601173020528,0.183486238532,3.40270791982,8.33581490012,0.412990196078
217,0.0,7.63451876884,0.0,0.598130841121,0.15807137345,0.0,1.0,0.205607476636,0.463235294118,0.0,0.697222222222,0.196261682243,2.38809310418,8.96896439775,0.463235294118
218,0.0,8.11789559421,0.0,0.489583333333,0.158117594756,0.0,1.0,0.354166666667,0.546568627451,0.0,0.56346749226,0.15625,3.81367899208,9.07444432133,0.546568627451
219,0.0,8.27523968001,0.0,0.395061728395,0.157954866603,0.0,1.0,0.358024691358,0.550245098039,0.0,0.538709677419,0.246913580247,4.07978607643,9.10962170478,0.550245098039
220,0.0,8.0999387921,0.0,0.340909090909,0.164570204111,0.0,1.0,0.465909090909,0.537990196078,0.0,0.488817891374,0.193181818182,4.61871414597,8.92418611267,0.537990196078
221,0.0,8.10491282083,0.0,0.411764705882,0.175835503442,0.0,1.0,0.341176470588,0.611519607843,0.0,0.528846153846,0.247058823529,4.18220368489,9.09627290307,0.611519607843
222,0.0,7.17284609011,0.0,0.601941747573,0.186436790855,0.0,1.0,0.281553398058,0.610294117647,0.0,0.68253968254,0.116504854369,3.16316308363,8.18263687482,0.610294117647
223,0.0,7.97739660954,0.0,0.607476635514,0.180880850625,0.0,1.0,0.196261682243,0.606617647059,0.0,0.71546961326,0.196261682243,2.86254872547,9.09669187755,0.606617647059
224,0.0,8.05865776802,0.0,0.557894736842,0.192284835046,0.0,1.0,0.242105263158,0.612745098039,0.0,0.621387283237,0.2,3.67600447131,9.12921624643,0.612745098039
225,0.0,8.02225236979,0.0,0.538461538462,0.183885797928,0.0,1.0,0.298076923077,0.606617647059,0.0,0.679347826087,0.163461538462,3.22348378307,9.19456022743,0.606617647059
226,0.0,7.9465763757,0.0,0.55,0.18182824221,0.0,1.0,0.27,0.605392156863,0.0,0.660968660969,0.18,3.38095419296,9.12737743138,0.605392156863
227,0.0,7.95933766884,0.0,0.6,0.181682388465,0.0,1.0,0.234782608696,0.609068627451,0.0,0.704301075269,0.165217391304,2.91329612923,9.21827498139,0.609068627451
228,0.0,8.03926861625,0.0,0.548076923077,0.176930755838,0.0,1.0,0.317307692308,0.609068627451,0.0,0.642045454545,0.134615384615,3.57464831871,9.120952344,0.609068627451
229,0.0,8.01489201473,0.0,0.583333333333,0.176398414552,0.0,1.0,0.222222222222,0.599264705882,0.0,0.669398907104,0.194444444444,3.33456128791,9.23376556785,0.599264705882
230,0.0,8.23296921538,0.0,0.5,0.175832720043,0.0,1.0,0.340425531915,0.601715686275,0.0,0.553892215569,0.159574468085,4.38289379289,9.10978270679,0.601715686275
231,0.0,8.53631392185,0.0,0.350515463918,0.178512439643,0.0,1.0,0.412371134021,0.602941176471,0.0,0.460317460317,0.237113402062,5.32689544645,9.320164249,0.602941176471
232,0.0,7.97407880074,0.0,0.566037735849,0.180175111641,0.0,1.0,0.169811320755,0.606617647059,0.0,0.681818181818,0.264150943396,3.19898827873,9.17698334355,0.606617647059
233,0.0,8.03846823966,0.0,0.579439252336,0.178890853874,0.0,1.0,0.196261682243,0.609068627451,0.0,0.676630434783,0.224299065421,3.29161661394,9.23792805745,0.609068627451
234,0.0,7.99539507814,0.0,0.393617021277,0.177218792519,0.0,1.0,0.382978723404,0.53431372549,0.0,0.533536585366,0.223404255319,4.26419231503,8.95721424335,0.53431372549
235,0.0,7.37281907192,0.0,0.545454545455,0.170329923449,0.0,1.0,0.272727272727,0.607843137255,0.0,0.650406504065,0.181818181818,3.1746823721,8.4275059538,0.607843137255
236,0.0,6.57418244958,0.0,0.647058823529,0.140472096426,0.0,1.0,0.268907563025,0.613970588235,0.0,0.69512195122,0.0840336134454,3.09244523724,7.2524667891,0.613970588235
237,0.0,7.95670296472,0.0,0.514018691589,0.172354930435,0.0,1.0,0.261682242991,0.571078431373,0.0,0.635593220339,0.224299065421,3.60903675302,8.99086906594,0.571078431373
238,0.0,8.15551522944,0.0,0.441860465116,0.170208273751,0.0,1.0,0.255813953488,0.555147058824,0.0,0.607784431138,0.302325581395,3.8725407947,8.99841093459,0.555147058824
239,0.0,7.9605302058,0.0,0.615384615385,0.165503517354,0.0,1.0,0.230769230769,0.551470588235,0.0,0.700280112045,0.153846153846,2.74059922465,9.00859944338,0.551470588235
240,0.0,7.55548018345,0.0,0.63963963964,0.163404857642,0.0,1.0,0.162162162162,0.610294117647,0.0,0.738095238095,0.198198198198,2.5837818913,8.59390394937,0.610294117647
241,0.0,7.16632469715,0.0,0.770491803279,0.16388512779,0.0,1.0,0.0983606557377,0.613970588235,0.0,0.830882352941,0.131147540984,1.78699206586,8.12332774096,0.613970588235
242,0.0,8.16448766976,0.0,0.615384615385,0.157238562214,0.0,1.0,0.201923076923,0.53431372549,0.0,0.719887955182,0.182692307692,2.78061001307,9.28191542172,0.53431372549
243,0.0,8.20148545698,0.0,0.53,0.162006413041,0.0,1.0,0.29,0.535539215686,0.0,0.618181818182,0.18,3.29368204428,9.28629096881,0.535539215686
244,0.0,8.29616765219,0.0,0.483146067416,0.158673936257,0.0,1.0,0.38202247191,0.535539215686,0.0,0.583333333333,0.134831460674,3.55305830558,9.26154314734,0.535539215686
245,0.0,7.75706233067,0.0,0.592233009709,0.154728418067,0.0,1.0,0.26213592233,0.515931372549,0.0,0.63556851312,0.145631067961,3.20781221864,8.86751726078,0.515931372549
246,0.0,6.39601138331,0.0,0.5,0.153156625568,0.0,1.0,0.324074074074,0.504901960784,0.0,0.596774193548,0.175925925926,3.0737507793,6.96733651706,0.504901960784
247,0.0,4.64784226061,0.0,0.689655172414,0.154233837845,0.0,1.0,0.149425287356,0.47181372549,0.0,0.779151943463,0.16091954023,1.90239356391,5.32260427398,0.47181372549
248,0.0,6.9047892542,0.0,0.517543859649,0.141195570698,0.0,1.0,0.280701754386,0.459558823529,0.0,0.631578947368,0.201754385965,3.08762871752,7.63062155479,0.459558823529
249,0.0,6.97419075113,0.0,0.577981651376,0.134916963329,0.0,1.0,0.284403669725,0.485294117647,0.0,0.628726287263,0.137614678899,3.17360210473,7.54526058241,0.485294117647
250,0.0,7.10254060918,0.0,0.515463917526,0.154672375226,0.0,1.0,0.247422680412,0.482843137255,0.0,0.586402266289,0.237113402062,3.40995907281,7.89140702251,0.482843137255
251,0.0,7.38950306381,0.0,0.504424778761,0.164086315151,0.0,1.0,0.29203539823,0.466911764706,0.0,0.617816091954,0.203539823009,3.01543355519,8.34278054114,0.466911764706
252,0.0,8.29097266381,0.0,0.481481481481,0.168541424174,0.0,1.0,0.234567901235,0.420343137255,0.0,0.590476190476,0.283950617284,3.64153872395,9.19742202274,0.420343137255
253,0.0,7.64042941147,0.0,0.547368421053,0.165845873274,0.0,1.0,0.305263157895,0.420343137255,0.0,0.604938271605,0.147368421053,3.29236092669,8.47900261475,0.420343137255
254,0.0,6.98101714866,0.0,0.504672897196,0.185928758442,0.0,1.0,0.252336448598,0.43137254902,0.0,0.66573816156,0.242990654206,2.70804532767,7.87361263385,0.43137254902
255,0.0,6.53840045867,0.0,0.578947368421,0.176234647784,0.0,1.0,0.166666666667,0.40318627451,0.0,0.694871794872,0.254385964912,2.59941441254,7.17212607755,0.40318627451
256,0.0,7.79294802768,0.0,0.539325842697,0.165028768989,0.0,1.0,0.191011235955,0.441176470588,0.0,0.632398753894,0.269662921348,3.22048092861,8.20508130584,0.441176470588
257,0.0,7.93442957036,0.0,0.488372093023,0.169560708524,0.0,1.0,0.360465116279,0.450980392157,0.0,0.531147540984,0.151162790698,4.0550712993,8.42673929456,0.450980392157
258,0.0,7.62592529452,0.0,0.571428571429,0.160236209122,0.0,1.0,0.276785714286,0.446078431373,0.0,0.649425287356,0.151785714286,3.06379637616,8.65559734191,0.446078431373
259,0.0,7.1819163183,0.0,0.638095238095,0.154851187913,0.0,1.0,0.209523809524,0.503676470588,0.0,0.716292134831,0.152380952381,2.22073114786,8.21272821992,0.503676470588
260,0.0,6.37527155896,0.0,0.6,0.166768878047,0.0,1.0,0.12380952381,0.587009803922,0.0,0.716666666667,0.27619047619,2.1004089436,7.09453084198,0.587009803922
261,0.0,5.63587314599,0.0,0.776923076923,0.178511055622,0.0,1.0,0.107692307692,0.584558823529,0.0,0.810747663551,0.115384615385,1.93393534545,6.27297162564,0.584558823529
262,0.0,7.55571893945,0.0,0.653465346535,0.171273500356,0.0,1.0,0.217821782178,0.571078431373,0.0,0.708454810496,0.128712871287,2.84245903689,8.22961917056,0.571078431373
263,0.0,8.47651744021,0.0,0.467391304348,0.159702003072,0.0,1.0,0.369565217391,0.601715686275,0.0,0.578947368421,0.163043478261,3.94953363929,9.17572470797,0.601715686275
264,0.0,7.98427527206,0.0,0.69,0.16455513757,0.0,1.0,0.15,0.594362745098,0.0,0.767441860465,0.16,2.37413961641,8.9125648479,0.594362745098
265,0.0,8.0422327458,0.0,0.489130434783,0.168213847583,0.0,1.0,0.29347826087,0.573529411765,0.0,0.590476190476,0.217391304348,3.87031792485,8.78492576259,0.573529411765
266,0.0,7.74089087787,0.0,0.578947368421,0.186486287343,0.0,1.0,0.273684210526,0.479166666667,0.0,0.656534954407,0.147368421053,3.17242823242,8.64214314663,0.479166666667
267,0.0,7.9511759105,0.0,0.482352941176,0.187142187535,0.0,1.0,0.258823529412,0.546568627451,0.0,0.588235294118,0.258823529412,3.73362955471,8.7717429334,0.546568627451
268,0.0,7.17912552659,0.0,0.525773195876,0.183036267778,0.0,1.0,0.278350515464,0.558823529412,0.0,0.646198830409,0.19587628866,3.35369471471,8.1195925247,0.558823529412
269,0.0,7.32886178023,0.0,0.654205607477,0.180047077791,0.0,1.0,0.214953271028,0.59068627451,0.0,0.713091922006,0.130841121495,2.82264467012,8.76319429373,0.59068627451
270,0.0,7.81753229757,0.0,0.593406593407,0.179052928204,0.0,1.0,0.263736263736,0.588235294118,0.0,0.679525222552,0.142857142857,3.11305482424,8.95399729876,0.588235294118
271,0.0,8.14590674674,0.0,0.523255813953,0.187325619647,0.0,1.0,0.337209302326,0.59068627451,0.0,0.610561056106,0.139534883721,3.6611851562,8.73566926853,0.59068627451
272,0.0,8.01483807334,0.0,0.443037974684,0.178722593176,0.0,1.0,0.354430379747,0.473039215686,0.0,0.548275862069,0.20253164557,3.92482958047,8.55580185805,0.473039215686
273,0.0,7.64663405794,0.0,0.505617977528,0.173716232926,0.0,1.0,0.337078651685,0.59681372549,0.0,0.578947368421,0.157303370787,3.48919487817,8.17941359544,0.59681372549
274,0.0,7.50807887318,0.0,0.628865979381,0.166411153567,0.0,1.0,0.20618556701,0.598039215686,0.0,0.72,0.164948453608,2.51294740163,8.06883076522,0.598039215686
275,0.0,8.16356481693,0.0,0.476744186047,0.170378061607,0.0,1.0,0.383720930233,0.600490196078,0.0,0.555194805195,0.139534883721,4.18719570878,8.78166227777,0.600490196078
276,0.0,8.21940520261,0.0,0.548780487805,0.164132920899,0.0,1.0,0.30487804878,0.589460784314,0.0,0.648829431438,0.146341463415,3.29601799309,8.79783809562,0.589460784314
277,0.0,8.11018689296,0.0,0.483146067416,0.169481446417,0.0,1.0,0.337078651685,0.5625,0.0,0.551948051948,0.179775280899,4.21722250925,8.72314847909,0.5625
278,0.0,7.9882769757,0.0,0.443037974684,0.174007359252,0.0,1.0,0.379746835443,0.486519607843,0.0,0.540816326531,0.177215189873,4.00983459228,8.20832812279,0.486519607843
279,0.0,7.31769226762,0.0,0.420454545455,0.176946486433,0.0,1.0,0.420454545455,0.525735294118,0.0,0.491749174917,0.159090909091,4.39416146486,7.45147486548,0.525735294118
280,0.0,5.23632610592,0.0,0.741666666667,0.171511406143,0.0,1.0,0.125,0.542892156863,0.0,0.784897025172,0.133333333333,2.09481732593,5.39605779005,0.542892156863
281,0.0,6.71384401781,0.0,0.60396039604,0.166959093482,0.0,1.0,0.178217821782,0.553921568627,0.0,0.691428571429,0.217821782178,2.88186262199,6.94924477508,0.553921568627
282,0.0,7.409417204,0.0,0.469879518072,0.16681059628,0.0,1.0,0.313253012048,0.531862745098,0.0,0.619205298013,0.21686746988,3.24957490338,7.51256755243,0.531862745098
283,0.0,6.26609963785,0.0,0.62037037037,0.162340886206,0.0,1.0,0.185185185185,0.579656862745,0.0,0.742465753425,0.194444444444,2.39921997825,6.43345887258,0.579656862745
284,0.0,7.35961057518,0.0,0.48275862069,0.149057833701,0.0,1.0,0.32183908046,0.561274509804,0.0,0.605769230769,0.195402298851,3.61440839107,7.70987928797,0.561274509804
285,0.0,8.13017867977,0.0,0.430379746835,0.136938774784,0.0,1.0,0.329113924051,0.552696078431,0.0,0.532423208191,0.240506329114,4.41814412613,8.46019641599,0.552696078431
286,0.0,7.86127379282,0.0,0.547619047619,0.151195055206,0.0,1.0,0.321428571429,0.572303921569,0.0,0.625,0.130952380952,3.56948682669,8.41597411896,0.572303921569
287,0.0,6.91349953334,0.0,0.62962962963,0.165172352123,0.0,1.0,0.277777777778,0.579656862745,0.0,0.675900277008,0.0925925925926,3.07632838721,7.35924047015,0.579656862745
288,0.0,7.93507796286,0.0,0.522727272727,0.160756431412,0.0,1.0,0.238636363636,0.582107843137,0.0,0.667701863354,0.238636363636,3.21800741607,8.64691121525,0.582107843137
289,0.0,8.14361510224,0.0,0.604938271605,0.166252072764,0.0,1.0,0.185185185185,0.59068627451,0.0,0.71835443038,0.20987654321,2.80055895975,8.93366362044,0.59068627451
290,0.0,7.93680693878,0.0,0.699029126214,0.160201597686,0.0,1.0,0.0970873786408,0.584558823529,0.0,0.807471264368,0.203883495146,1.99205075972,8.92049957161,0.584558823529
291,0.0,7.92933348021,0.0,0.551724137931,0.164334946821,0.0,1.0,0.287356321839,0.580882352941,0.0,0.640378548896,0.16091954023,3.42486740039,8.52167488475,0.580882352941
292,0.0,8.29278990724,0.0,0.552941176471,0.145030581257,0.0,1.0,0.211764705882,0.561274509804,0.0,0.675241157556,0.235294117647,3.09909236052,8.81026596905,0.561274509804
293,0.0,7.86874655405,0.0,0.536585365854,0.155118262606,0.0,1.0,0.243902439024,0.578431372549,0.0,0.637820512821,0.219512195122,3.50703009033,8.34190247489,0.578431372549
294,0.0,7.59094510917,0.0,0.623655913978,0.156314892942,0.0,1.0,0.204301075269,0.585784313725,0.0,0.680124223602,0.172043010753,3.1231566808,7.93538156708,0.585784313725
295,0.0,7.50070334819,0.0,0.61797752809,0.148383650004,0.0,1.0,0.202247191011,0.606617647059,0.0,0.740740740741,0.179775280899,2.53997555342,7.79051625984,0.606617647059
296,0.0,7.27275622737,0.0,0.631578947368,0.14972259184,0.0,1.0,0.210526315789,0.612745098039,0.0,0.724550898204,0.157894736842,2.64195493096,7.53298865962,0.612745098039
297,0.0,7.66020052046,0.0,0.628865979381,0.147695996142,0.0,1.0,0.257731958763,0.601715686275,0.0,0.692073170732,0.113402061856,2.89715823354,8.30937188798,0.601715686275
298,0.0,8.0143338739,0.0,0.685393258427,0.149863301641,0.0,1.0,0.213483146067,0.616421568627,0.0,0.721518987342,0.101123595506,2.66758669495,8.54251095952,0.616421568627
299,0.0,8.23269480498,0.0,0.607142857143,0.149792746298,0.0,1.0,0.27380952381,0.609068627451,0.0,0.643564356436,0.119047619048,3.42366613337,8.72038729874,0.609068627451
300,0.0,8.23482451463,0.0,0.483516483516,0.150224180184,0.0,1.0,0.230769230769,0.577205882353,0.0,0.658783783784,0.285714285714,3.19874011872,8.78878599196,0.577205882353
301,0.0,7.75585924245,0.0,0.686046511628,0.154909295076,0.0,1.0,0.116279069767,0.610294117647,0.0,0.763803680982,0.197674418605,2.32409749099,8.26058166642,0.610294117647
302,0.0,7.81558985361,0.0,0.586206896552,0.146258376797,0.0,1.0,0.16091954023,0.594362745098,0.0,0.713846153846,0.252873563218,2.89663271062,8.41202206656,0.594362745098
303,0.0,8.06423046379,0.0,0.545454545455,0.157127145737,0.0,1.0,0.204545454545,0.567401960784,0.0,0.670926517572,0.25,3.17240555395,8.7922550765,0.567401960784
304,0.0,8.13465178428,0.0,0.515789473684,0.150690501449,0.0,1.0,0.284210526316,0.588235294118,0.0,0.608552631579,0.2,3.63752751417,8.79566266379,0.588235294118
305,0.0,7.78792005928,0.0,0.616161616162,0.149598238264,0.0,1.0,0.191919191919,0.609068627451,0.0,0.691394658754,0.191919191919,2.98300148808,8.79794560552,0.609068627451
306,0.0,8.00395567253,0.0,0.60824742268,0.153087528016,0.0,1.0,0.175257731959,0.566176470588,0.0,0.721362229102,0.216494845361,2.63103504347,8.86484396587,0.566176470588
307,0.0,7.7402501133,0.0,0.506329113924,0.159126043127,0.0,1.0,0.329113924051,0.552696078431,0.0,0.598006644518,0.164556962025,3.2002082694,8.330993022,0.552696078431
308,0.0,7.29950546623,0.0,0.534090909091,0.153697182134,0.0,1.0,0.295454545455,0.560049019608,0.0,0.597359735974,0.170454545455,2.73720461328,7.93256782116,0.560049019608
309,0.0,7.61760031296,0.0,0.441860465116,0.172382622992,0.0,1.0,0.348837209302,0.56862745098,0.0,0.546357615894,0.209302325581,3.65691763369,8.33547693101,0.56862745098
310,0.0,6.31372921556,0.0,0.457446808511,0.157664133621,0.0,1.0,0.382978723404,0.584558823529,0.0,0.558641975309,0.159574468085,2.59865948881,7.22871058707,0.584558823529
311,0.0,6.50245997261,0.0,0.505050505051,0.156085307036,0.0,1.0,0.252525252525,0.610294117647,0.0,0.641025641026,0.242424242424,3.29613546456,6.90888273538,0.610294117647
312,0.0,6.61874971759,0.0,0.580952380952,0.122260662819,0.0,1.0,0.295238095238,0.615196078431,0.0,0.628895184136,0.12380952381,3.57561180644,7.07234342329,0.615196078431
313,0.0,7.86378807942,0.0,0.517647058824,0.155350175209,0.0,1.0,0.317647058824,0.607843137255,0.0,0.557324840764,0.164705882353,4.15446938961,8.47111318103,0.607843137255
314,0.0,7.97199603837,0.0,0.431578947368,0.157051315793,0.0,1.0,0.368421052632,0.533088235294,0.0,0.582278481013,0.2,3.91445834521,8.79382745041,0.533088235294
315,0.0,7.28372323287,0.0,0.510869565217,0.172156691146,0.0,1.0,0.315217391304,0.524509803922,0.0,0.598746081505,0.173913043478,2.70860436208,8.33502005748,0.524509803922
316,0.0,8.13918294473,0.0,0.384615384615,0.166656170454,0.0,1.0,0.384615384615,0.542892156863,0.0,0.479452054795,0.230769230769,4.50241505137,8.79191693478,0.542892156863
317,0.0,8.30697306946,0.0,0.246753246753,0.1862959192,0.0,1.0,0.558441558442,0.525735294118,0.0,0.351449275362,0.194805194805,5.71883226539,8.79734648415,0.525735294118
318,0.0,8.28712802628,0.0,0.378048780488,0.183101869606,0.0,1.0,0.439024390244,0.517156862745,0.0,0.462068965517,0.182926829268,4.782108209,8.93292473564,0.517156862745
319,0.0,8.20050185548,0.0,0.463414634146,0.179439925613,0.0,1.0,0.268292682927,0.509803921569,0.0,0.572847682119,0.268292682927,3.76709212582,8.91520767654,0.509803921569
320,0.0,8.04371981669,0.0,0.454545454545,0.180903056923,0.0,1.0,0.363636363636,0.492647058824,0.0,0.537216828479,0.181818181818,4.12266232094,8.79037646328,0.492647058824
321,0.0,8.06707987783,0.0,0.329268292683,0.194409332112,0.0,1.0,0.451219512195,0.513480392157,0.0,0.462328767123,0.219512195122,4.71338890679,8.73106644431,0.513480392157
322,0.0,7.99887084104,0.0,0.446808510638,0.200034196368,0.0,1.0,0.297872340426,0.53431372549,0.0,0.514376996805,0.255319148936,4.37233317321,8.88761611768,0.53431372549
323,0.0,7.43603587661,0.0,0.365853658537,0.20250188221,0.0,1.0,0.414634146341,0.560049019608,0.0,0.461538461538,0.219512195122,4.26285068639,8.11013250221,0.560049019608
324,0.0,7.05099923405,0.0,0.60396039604,0.19302972459,0.0,1.0,0.188118811881,0.606617647059,0.0,0.701149425287,0.207920792079,2.85896662968,8.00713871806,0.606617647059
325,0.0,7.19251191381,0.0,0.606060606061,0.184741205306,0.0,1.0,0.161616161616,0.601715686275,0.0,0.719298245614,0.232323232323,2.74597689986,7.93795684232,0.601715686275
326,0.0,7.36086771077,0.0,0.476744186047,0.191747960576,0.0,1.0,0.279069767442,0.607843137255,0.0,0.587692307692,0.244186046512,3.90346825699,8.04038917526,0.607843137255
327,0.0,7.48879382086,0.0,0.489583333333,0.187563452488,0.0,1.0,0.3125,0.601715686275,0.0,0.58282208589,0.197916666667,3.96036246218,8.22837589121,0.601715686275
328,0.0,7.5154711587,0.0,0.632653061224,0.185081584881,0.0,1.0,0.234693877551,0.605392156863,0.0,0.689655172414,0.132653061224,2.98039907853,8.4249893199,0.605392156863
329,0.0,7.99960415792,0.0,0.6,0.179335014404,0.0,1.0,0.242105263158,0.569852941176,0.0,0.688622754491,0.157894736842,2.99022277782,8.92718105241,0.569852941176
330,0.0,8.11472153552,0.0,0.578947368421,0.179927278719,0.0,1.0,0.221052631579,0.607843137255,0.0,0.722222222222,0.2,2.62732543715,8.94595932472,0.607843137255
331,0.0,7.94550233943,0.0,0.597826086957,0.173486813765,0.0,1.0,0.239130434783,0.606617647059,0.0,0.677115987461,0.163043478261,2.90354709393,8.6915686007,0.606617647059
332,0.0,7.99629751885,0.0,0.483146067416,0.174235390804,0.0,1.0,0.292134831461,0.604166666667,0.0,0.619496855346,0.224719101124,3.65882820588,8.68079086131,0.604166666667
333,0.0,7.91669848372,0.0,0.565217391304,0.175033277844,0.0,1.0,0.260869565217,0.604166666667,0.0,0.675595238095,0.173913043478,3.21616700647,8.80214915913,0.604166666667
334,0.0,7.98775167054,0.0,0.504761904762,0.175945600789,0.0,1.0,0.32380952381,0.605392156863,0.0,0.588235294118,0.171428571429,4.08163101264,8.98436660643,0.605392156863
335,0.0,7.87002782278,0.0,0.646464646465,0.177825187401,0.0,1.0,0.242424242424,0.610294117647,0.0,0.663793103448,0.111111111111,3.30774409379,9.01260693296,0.610294117647
336,0.0,8.04435399157,0.0,0.619047619048,0.174914371939,0.0,1.0,0.133333333333,0.601715686275,0.0,0.71511627907,0.247619047619,2.81744217174,9.07059328482,0.601715686275
337,0.0,7.91116756747,0.0,0.60396039604,0.173299977256,0.0,1.0,0.178217821782,0.561274509804,0.0,0.737142857143,0.217821782178,2.52231831888,8.97611630885,0.561274509804
338,0.0,7.67034069999,0.0,0.554455445545,0.176662745322,0.0,1.0,0.188118811881,0.605392156863,0.0,0.69616519174,0.257425742574,2.7796621129,8.58175393352,0.605392156863
339,0.0,7.4072196488,0.0,0.603603603604,0.181063483312,0.0,1.0,0.207207207207,0.610294117647,0.0,0.737967914439,0.189189189189,2.44190926284,8.50682742406,0.610294117647
340,0.0,8.00938951804,0.0,0.60396039604,0.171491890674,0.0,1.0,0.128712871287,0.613970588235,0.0,0.713888888889,0.267326732673,2.64348020848,9.16403056351,0.613970588235
341,0.0,7.80129673479,0.0,0.611650485437,0.170630520508,0.0,1.0,0.165048543689,0.611519607843,0.0,0.768595041322,0.223300970874,2.30515526882,8.9295094937,0.611519607843
342,0.0,7.74335202762,0.0,0.733333333333,0.161626289088,0.0,1.0,0.0916666666667,0.611519607843,0.0,0.835,0.175,1.67688169555,9.36593976346,0.611519607843
343,0.0,7.74127660706,0.0,0.640350877193,0.170736985059,0.0,1.0,0.175438596491,0.615196078431,0.0,0.750670241287,0.184210526316,2.39411670927,8.90880777489,0.615196078431
344,0.0,7.9166976841,0.0,0.621359223301,0.169310463651,0.0,1.0,0.203883495146,0.595588235294,0.0,0.709141274238,0.174757281553,2.87054450109,8.95738373935,0.595588235294
345,0.0,7.79186384965,0.0,0.648148148148,0.169838700997,0.0,1.0,0.194444444444,0.591911764706,0.0,0.725274725275,0.157407407407,2.77067397216,8.94741220116,0.591911764706
346,0.0,7.79455151974,0.0,0.69387755102,0.167873374821,0.0,1.0,0.163265306122,0.615196078431,0.0,0.79674796748,0.142857142857,1.97436599907,9.01862548155,0.615196078431
347,0.0,8.06244565853,0.0,0.571428571429,0.161852853555,0.0,1.0,0.30612244898,0.615196078431,0.0,0.635014836795,0.122448979592,3.44322643819,9.05870774001,0.615196078431
348,0.0,7.9942037423,0.0,0.585858585859,0.165217407027,0.0,1.0,0.232323232323,0.579656862745,0.0,0.658536585366,0.181818181818,3.12178987134,8.94705077424,0.579656862745
349,0.0,7.70254179154,0.0,0.5,0.16398043012,0.0,1.0,0.4,0.588235294118,0.0,0.557993730408,0.1,3.81613560697,8.40110521533,0.588235294118
350,0.0,7.08881501703,0.0,0.516853932584,0.164769646379,0.0,1.0,0.337078651685,0.617647058824,0.0,0.550769230769,0.14606741573,3.65103088112,7.79924073702,0.617647058824
351,0.0,4.54258961746,0.0,0.835365853659,0.157204729601,0.0,1.0,0.0792682926829,0.613970588235,0.0,0.866666666667,0.0853658536585,1.46592405761,5.16873846838,0.613970588235
352,0.0,8.02100569419,0.0,0.536842105263,0.168960710413,0.0,1.0,0.315789473684,0.537990196078,0.0,0.617210682493,0.147368421053,3.57052364697,8.95959719438,0.537990196078
353,0.0,7.60533679364,0.0,0.510869565217,0.162662593891,0.0,1.0,0.315217391304,0.497549019608,0.0,0.574132492114,0.173913043478,3.27357292869,8.38194109677,0.497549019608
354,0.0,7.48770827514,0.0,0.581632653061,0.0532998439773,0.0,1.0,0.265306122449,0.574754901961,0.0,0.628242074928,0.15306122449,3.52489281476,8.28105923981,0.574754901961
355,0.0,7.55063570627,0.0,0.510638297872,0.162016346971,0.0,1.0,0.329787234043,0.583333333333,0.0,0.619760479042,0.159574468085,3.39120928064,8.43357606836,0.583333333333
356,0.0,7.31330084723,0.0,0.633027522936,0.170741186812,0.0,1.0,0.183486238532,0.599264705882,0.0,0.739130434783,0.183486238532,2.57016013083,8.64944281137,0.599264705882
357,0.0,7.88588648649,0.0,0.514285714286,0.166523689294,0.0,1.0,0.285714285714,0.604166666667,0.0,0.635014836795,0.2,3.64056804726,8.79231200615,0.604166666667
358,0.0,8.08373600668,0.0,0.56,0.166632564598,0.0,1.0,0.27,0.607843137255,0.0,0.639296187683,0.17,3.59780022404,9.00110833346,0.607843137255
359,0.0,8.08943531195,0.0,0.614678899083,0.165704110776,0.0,1.0,0.220183486239,0.561274509804,0.0,0.704871060172,0.165137614679,2.95942626593,9.16451316661,0.561274509804
360,0.0,7.4994472683,0.0,0.570093457944,0.175559839217,0.0,1.0,0.233644859813,0.583333333333,0.0,0.668555240793,0.196261682243,3.17992896683,8.49704660185,0.583333333333
361,0.0,8.03262853495,0.0,0.444444444444,0.171666568972,0.0,1.0,0.333333333333,0.558823529412,0.0,0.528481012658,0.222222222222,4.20902643451,8.96059167425,0.558823529412
362,0.0,6.88772241416,0.0,0.480392156863,0.0665835229099,0.0,1.0,0.235294117647,0.573529411765,0.0,0.617647058824,0.28431372549,3.17947574388,7.92116607486,0.573529411765
363,0.0,6.00160293914,0.0,0.666666666667,0.17296242669,0.0,1.0,0.153153153153,0.589460784314,0.0,0.706766917293,0.18018018018,2.53130268607,7.23176281567,0.589460784314
364,0.0,6.45778857311,0.0,0.835714285714,0.175329240233,0.0,1.0,0.0571428571429,0.604166666667,0.0,0.856502242152,0.107142857143,1.56302448647,8.2630829169,0.604166666667
365,0.0,7.63231338873,0.0,0.537037037037,0.170966473509,0.0,1.0,0.277777777778,0.602941176471,0.0,0.655172413793,0.185185185185,3.43103311161,8.90564987073,0.602941176471
366,0.0,8.13822079915,0.0,0.479166666667,0.175491723737,0.0,1.0,0.239583333333,0.583333333333,0.0,0.62,0.28125,3.7416079526,9.26284681351,0.583333333333
367,0.0,8.06357196486,0.0,0.505376344086,0.173137797118,0.0,1.0,0.344086021505,0.575980392157,0.0,0.5625,0.150537634409,4.20773669505,9.0619230639,0.575980392157
368,0.0,7.76388677799,0.0,0.514285714286,0.177695865888,0.0,1.0,0.257142857143,0.564950980392,0.0,0.632596685083,0.228571428571,3.64916749884,9.02965248648,0.564950980392
369,0.0,7.92976425258,0.0,0.404255319149,0.182513001683,0.0,1.0,0.287234042553,0.571078431373,0.0,0.563049853372,0.308510638298,4.19001619753,9.16912310701,0.571078431373
370,0.0,7.55701232189,0.0,0.617647058824,0.178279572433,0.0,1.0,0.205882352941,0.569852941176,0.0,0.683923705722,0.176470588235,2.93366296259,8.9660371676,0.569852941176
371,0.0,7.926340422,0.0,0.660377358491,0.176868425272,0.0,1.0,0.207547169811,0.585784313725,0.0,0.713091922006,0.132075471698,2.73595036656,9.55329256097,0.585784313725
372,0.0,8.25355715809,0.0,0.474226804124,0.173912264713,0.0,1.0,0.257731958763,0.55637254902,0.0,0.633540372671,0.268041237113,3.16585373941,9.62073883717,0.55637254902
373,0.0,8.28456528026,0.0,0.587628865979,0.195172732463,0.0,1.0,0.288659793814,0.59068627451,0.0,0.631578947368,0.123711340206,3.19516146172,9.57754795882,0.59068627451
374,0.0,7.90668852236,0.0,0.515789473684,0.186263817329,0.0,1.0,0.294736842105,0.591911764706,0.0,0.666666666667,0.189473684211,3.21409391945,9.31470454902,0.591911764706
375,0.0,8.14664033533,0.0,0.515463917526,0.186226736125,0.0,1.0,0.237113402062,0.589460784314,0.0,0.620178041543,0.247422680412,3.54527693313,9.30002358218,0.589460784314
376,0.0,7.44168749999,0.0,0.675925925926,0.186469989594,0.0,1.0,0.157407407407,0.613970588235,0.0,0.723860589812,0.166666666667,2.71086631076,8.77183626233,0.613970588235
377,0.0,7.09626222494,0.0,0.651785714286,0.181950361399,0.0,1.0,0.223214285714,0.602941176471,0.0,0.713197969543,0.125,2.85295579787,8.31636405784,0.602941176471
378,0.0,7.91438325611,0.0,0.5,0.182800175106,0.0,1.0,0.263636363636,0.589460784314,0.0,0.628571428571,0.236363636364,3.58660755017,8.98888223488,0.589460784314
379,0.0,7.99373248251,0.0,0.634615384615,0.17672734471,0.0,1.0,0.211538461538,0.594362745098,0.0,0.683908045977,0.153846153846,3.05457516379,9.16830521203,0.594362745098
380,0.0,8.18392058954,0.0,0.341176470588,0.181454095285,0.0,1.0,0.447058823529,0.572303921569,0.0,0.447368421053,0.211764705882,5.11981118016,9.0034486958,0.572303921569
381,0.0,7.16792236824,0.0,0.454545454545,0.183200796141,0.0,1.0,0.40404040404,0.552696078431,0.0,0.547169811321,0.141414141414,3.20950506932,8.21043739302,0.552696078431
382,0.0,7.87898322789,0.0,0.477777777778,0.193760586976,0.0,1.0,0.344444444444,0.536764705882,0.0,0.570093457944,0.177777777778,3.78888464256,8.87044930155,0.536764705882
383,0.0,7.72380688235,0.0,0.494252873563,0.195723103066,0.0,1.0,0.310344827586,0.566176470588,0.0,0.595015576324,0.195402298851,3.6746177492,8.61909378211,0.566176470588
384,0.0,6.58854600912,0.0,0.582524271845,0.203330264024,0.0,1.0,0.31067961165,0.593137254902,0.0,0.6391184573,0.106796116505,3.43571785725,7.43647771556,0.593137254902
385,0.0,7.81269059699,0.0,0.588888888889,0.193245325523,0.0,1.0,0.311111111111,0.583333333333,0.0,0.619760479042,0.1,3.60136620702,8.93572948516,0.583333333333
386,0.0,7.52574681079,0.0,0.447058823529,0.197436174369,0.0,1.0,0.376470588235,0.557598039216,0.0,0.55625,0.176470588235,3.83801195329,8.45478996744,0.557598039216
387,0.0,5.75678693067,0.0,0.494949494949,0.207244875918,0.0,1.0,0.434343434343,0.571078431373,0.0,0.515432098765,0.0707070707071,2.47705384811,6.76482087027,0.571078431373
388,0.0,6.06455435098,0.0,0.716666666667,0.212698399286,0.0,1.0,0.133333333333,0.582107843137,0.0,0.773955773956,0.15,1.89251844052,6.9574358788,0.582107843137
389,0.0,6.78306278046,0.0,0.673267326733,0.17078174032,0.0,1.0,0.19801980198,0.594362745098,0.0,0.695652173913,0.128712871287,2.376980582,7.70411712613,0.594362745098
390,0.0,7.30487317843,0.0,0.567010309278,0.202358384958,0.0,1.0,0.144329896907,0.598039215686,0.0,0.703264094955,0.288659793814,2.7233061042,8.14836626175,0.598039215686
391,0.0,7.32849490643,0.0,0.578947368421,0.192739250651,0.0,1.0,0.263157894737,0.606617647059,0.0,0.656534954407,0.157894736842,3.21968408047,8.23864892054,0.606617647059
392,0.0,7.72616971179,0.0,0.595744680851,0.193715933209,0.0,1.0,0.202127659574,0.598039215686,0.0,0.69298245614,0.202127659574,2.81859746178,8.83428694595,0.598039215686
393,0.0,7.79337375266,0.0,0.527472527473,0.199305951266,0.0,1.0,0.230769230769,0.550245098039,0.0,0.6625,0.241758241758,2.95084757513,8.86773707187,0.550245098039
394,0.0,7.53238976776,0.0,0.489361702128,0.198705534527,0.0,1.0,0.265957446809,0.564950980392,0.0,0.636904761905,0.244680851064,2.97514586066,8.59890083425,0.564950980392
395,0.0,7.44967553842,0.0,0.556701030928,0.192987908863,0.0,1.0,0.237113402062,0.550245098039,0.0,0.672413793103,0.20618556701,3.04947098016,8.49937649616,0.550245098039
396,0.0,6.96045193873,0.0,0.548076923077,0.192638242596,0.0,1.0,0.278846153846,0.59681372549,0.0,0.650568181818,0.173076923077,3.21673981073,7.82439364762,0.59681372549
397,0.0,7.33783575066,0.0,0.688679245283,0.184566244579,0.0,1.0,0.216981132075,0.601715686275,0.0,0.736111111111,0.0943396226415,2.58039515983,8.44854358149,0.601715686275
398,0.0,7.63809406601,0.0,0.609523809524,0.18134889624,0.0,1.0,0.266666666667,0.549019607843,0.0,0.628985507246,0.12380952381,3.29018067678,8.76941880995,0.549019607843
399,0.0,5.92849543773,0.0,0.586538461538,0.184529211458,0.0,1.0,0.173076923077,0.613970588235,0.0,0.715789473684,0.240384615385,2.2676801199,6.75455249785,0.613970588235
